<?xml version="1.0" encoding="UTF-8" standalone="no"?><configurationDescriptor version="62">
  <logicalFolder displayName="root" name="root" projectFiles="true">
    <logicalFolder displayName="Header Files" name="HeaderFiles" projectFiles="true">
      <logicalFolder displayName="Hood" name="f1" projectFiles="true">
        <logicalFolder displayName="BoardSupportPackage" name="f1" projectFiles="true">
          <logicalFolder displayName="Board Support Package" name="Board Support Package" projectFiles="true">
            <itemPath>../Hood/Board Support Package/Beep.h</itemPath>
            <itemPath>../Hood/Board Support Package/MCHP25LC256.h</itemPath>
            <itemPath>../Hood/Board Support Package/SST25VF016.h</itemPath>
            <itemPath>../Hood/Board Support Package/SST39LF400.h</itemPath>
            <itemPath>../Hood/Board Support Package/SST39VF040.h</itemPath>
            <itemPath>../Hood/Board Support Package/TouchScreen.h</itemPath>
            <itemPath>../Hood/Board Support Package/TouchScreenAR1020.h</itemPath>
            <itemPath>../Hood/Board Support Package/TouchScreenResistive.h</itemPath>
            <itemPath>../Hood/Board Support Package/cpld.h</itemPath>
            <itemPath>../Hood/Board Support Package/drv_spi.h</itemPath>
          </logicalFolder>
        </logicalFolder>
        <logicalFolder displayName="Common" name="f2" projectFiles="true">
          <itemPath>../Hood/Microchip/Include/GenericTypeDefs.h</itemPath>
          <itemPath>../Hood/Microchip/Include/TimeDelay.h</itemPath>
        </logicalFolder>
        <logicalFolder displayName="Configs" name="f5" projectFiles="true">
          <itemPath>../Hood/Configs/HWP_DA210_BRD_16PMP_QVGAv1.h</itemPath>
          <itemPath>../Hood/Configs/HWP_DA210_BRD_16PMP_WQVGAv1.h</itemPath>
          <itemPath>../Hood/Configs/HWP_GFXv3_EX16_16PMP_QVGAv1.h</itemPath>
          <itemPath>../Hood/Configs/HWP_GFXv3_EX16_16PMP_WQVGAv1.h</itemPath>
          <itemPath>../Hood/Configs/HWP_GFXv3_EX16_8PMP_QVGAv1.h</itemPath>
          <itemPath>../Hood/Configs/HWP_GFXv3_EX16_8PMP_WQVGAv1.h</itemPath>
          <itemPath>../Hood/Configs/HWP_GFXv3_PIC_SK_16PMP_QVGAv1.h</itemPath>
          <itemPath>../Hood/Configs/HWP_GFXv3_PIC_SK_16PMP_WQVGAv1.h</itemPath>
          <itemPath>../Hood/Configs/HWP_GFXv3_PIC_SK_8PMP_QVGAv1.h</itemPath>
          <itemPath>../Hood/Configs/HWP_GFXv3_PIC_SK_8PMP_WQVGAv1.h</itemPath>
          <itemPath>../Hood/Configs/HWP_MEB_PIC32_ETH_SK_16PMP.h</itemPath>
          <itemPath>../Hood/Configs/HWP_MEB_PIC32_ETH_SK_8PMP.h</itemPath>
          <itemPath>../Hood/Configs/HWP_MEB_PIC32_GP_SK_16PMP.h</itemPath>
          <itemPath>../Hood/Configs/HWP_MEB_PIC32_GP_SK_8PMP.h</itemPath>
          <itemPath>../Hood/Configs/HWP_MEB_PIC32_USB_SK_16PMP.h</itemPath>
          <itemPath>../Hood/Configs/HWP_MEB_PIC32_USB_SK_8PMP.h</itemPath>
        </logicalFolder>
        <logicalFolder displayName="Drivers" name="f3" projectFiles="true">
          <itemPath>../Hood/Microchip/Include/Graphics/gfxepmp.h</itemPath>
          <itemPath>../Hood/Microchip/Include/Graphics/gfxtcon.h</itemPath>
          <itemPath>../Hood/Microchip/Include/Graphics/mchpGfxDrv.h</itemPath>
        </logicalFolder>
        <logicalFolder displayName="Graphics" name="f4" projectFiles="true">
          <itemPath>../Hood/Microchip/Include/Graphics/Button.h</itemPath>
          <itemPath>../Hood/Microchip/Include/Graphics/DisplayDriver.h</itemPath>
          <itemPath>../Hood/Microchip/Include/Graphics/DisplayDriverInterface.h</itemPath>
          <itemPath>../Hood/Microchip/Include/Graphics/gfxcolors.h</itemPath>
          <itemPath>../Hood/Microchip/Include/Graphics/GOL.h</itemPath>
          <itemPath>../Hood/Microchip/Include/Graphics/Graphics.h</itemPath>
          <itemPath>../Hood/Microchip/Include/Graphics/Primitive.h</itemPath>
          <itemPath>TickInit.h</itemPath>
          <itemPath>TouchScreenInit.h</itemPath>
          <itemPath>SPI.h</itemPath>
          <itemPath>InitializeBoard.h</itemPath>
        </logicalFolder>
        <itemPath>../Hood/GraphicsConfig.h</itemPath>
        <itemPath>../Hood/HardwareProfile.h</itemPath>
        <itemPath>../Hood/Main.h</itemPath>
      </logicalFolder>
      <itemPath>linked_list.h</itemPath>
    </logicalFolder>
    <logicalFolder displayName="Linker Files" name="LinkerScript" projectFiles="true">
    </logicalFolder>
    <logicalFolder displayName="Source Files" name="SourceFiles" projectFiles="true">
      <logicalFolder displayName="Hood" name="f1" projectFiles="true">
        <logicalFolder displayName="BoardSupportPackage" name="f1" projectFiles="true">
          <itemPath>../Hood/Board Support Package/Beep.c</itemPath>
          <itemPath>../Hood/Board Support Package/cpld.c</itemPath>
          <itemPath>../Hood/Board Support Package/drv_spi.c</itemPath>
          <itemPath>../Hood/Board Support Package/MCHP25LC256.c</itemPath>
          <itemPath>../Hood/Board Support Package/SST25VF016.c</itemPath>
          <itemPath>../Hood/Board Support Package/SST39LF400.c</itemPath>
          <itemPath>../Hood/Board Support Package/SST39VF040.c</itemPath>
          <itemPath>../Hood/Board Support Package/TouchScreen.c</itemPath>
          <itemPath>../Hood/Board Support Package/TouchScreenAR1020.c</itemPath>
          <itemPath>../Hood/Board Support Package/TouchScreenResistive.c</itemPath>
        </logicalFolder>
        <logicalFolder displayName="Common" name="f2" projectFiles="true">
          <itemPath>../Hood/Microchip/Common/TimeDelay.c</itemPath>
          <itemPath>configuration_bits.c</itemPath>
        </logicalFolder>
        <logicalFolder displayName="Drivers" name="f3" projectFiles="true">
          <itemPath>../Hood/Microchip/Graphics/Drivers/TCON_SSD1289.c</itemPath>
          <itemPath>../Hood/Microchip/Graphics/Drivers/gfxepmp.c</itemPath>
          <itemPath>../Hood/Microchip/Graphics/Drivers/mchpGfxDrv.c</itemPath>
        </logicalFolder>
        <logicalFolder displayName="Graphics" name="f4" projectFiles="true">
          <itemPath>../Hood/Microchip/Graphics/Button.c</itemPath>
          <itemPath>../Hood/Microchip/Graphics/GOL.c</itemPath>
          <itemPath>../Hood/Microchip/Graphics/GOLFontDefault.c</itemPath>
          <itemPath>../Hood/Microchip/Graphics/GOLSchemeDefault.c</itemPath>
          <itemPath>../Hood/Microchip/Graphics/Primitive.c</itemPath>
          <itemPath>GOLcallback.c</itemPath>
          <itemPath>TickInit.c</itemPath>
          <itemPath>SPI.c</itemPath>
          <itemPath>TouchScreenInit.c</itemPath>
          <itemPath>InitializeBoard.c</itemPath>
        </logicalFolder>
      </logicalFolder>
      <itemPath>main.c</itemPath>
      <itemPath>interrupts.c</itemPath>
      <itemPath>static_linked_list.c</itemPath>
      <itemPath>dynamic_linked_list.c</itemPath>
    </logicalFolder>
    <logicalFolder displayName="Important Files" name="ExternalFiles" projectFiles="false">
      <itemPath>Makefile</itemPath>
    </logicalFolder>
  </logicalFolder>
  <sourceRootList>
    <Elem>../Hood</Elem>
  </sourceRootList>
  <projectmakefile>Makefile</projectmakefile>
  <confs>
    <conf name="Debug" type="2">
      <toolsSet>
        <developmentServer>localhost</developmentServer>
        <targetDevice>PIC24FJ256DA210</targetDevice>
        <targetHeader/>
        <targetPluginBoard/>
        <platformTool>ICD3PlatformTool</platformTool>
        <languageToolchain>XC16</languageToolchain>
        <languageToolchainVersion>1.21</languageToolchainVersion>
        <platform>3</platform>
      </toolsSet>
      <compileType>
        <linkerTool>
          <linkerLibItems>
          </linkerLibItems>
        </linkerTool>
        <loading>
          <useAlternateLoadableFile>false</useAlternateLoadableFile>
          <parseOnProdLoad>false</parseOnProdLoad>
          <alternateLoadableFile/>
        </loading>
      </compileType>
      <makeCustomizationType>
        <makeCustomizationPreStepEnabled>false</makeCustomizationPreStepEnabled>
        <makeCustomizationPreStep/>
        <makeCustomizationPostStepEnabled>false</makeCustomizationPostStepEnabled>
        <makeCustomizationPostStep/>
        <makeCustomizationPutChecksumInUserID>false</makeCustomizationPutChecksumInUserID>
        <makeCustomizationEnableLongLines>false</makeCustomizationEnableLongLines>
        <makeCustomizationNormalizeHexFile>false</makeCustomizationNormalizeHexFile>
      </makeCustomizationType>
      <C30>
        <property key="code-model" value="large-code"/>
        <property key="const-model" value="const-in-code"/>
        <property key="data-model" value="large-data"/>
        <property key="enable-all-warnings" value="true"/>
        <property key="enable-ansi-std" value="false"/>
        <property key="enable-ansi-warnings" value="false"/>
        <property key="enable-fatal-warnings" value="false"/>
        <property key="enable-large-arrays" value="false"/>
        <property key="enable-omit-frame-pointer" value="false"/>
        <property key="enable-procedural-abstraction" value="false"/>
        <property key="enable-short-double" value="false"/>
        <property key="enable-symbols" value="true"/>
        <property key="enable-unroll-loops" value="false"/>
        <property key="extra-include-directories" value="..\Hood\Board Support Package;..\Hood\Microchip\Include;..\Hood\Microchip\Include\Graphics;.;..\Hood\Microchip\Graphics\Drivers;..\Hood"/>
        <property key="isolate-each-function" value="false"/>
        <property key="keep-inline" value="false"/>
        <property key="oXC16gcc-align-arr" value="false"/>
        <property key="oXC16gcc-cnsts-mauxflash" value="false"/>
        <property key="oXC16gcc-data-sects" value="false"/>
        <property key="oXC16gcc-errata" value=""/>
        <property key="oXC16gcc-fillupper" value=""/>
        <property key="oXC16gcc-large-aggregate" value="false"/>
        <property key="oXC16gcc-mauxflash" value="false"/>
        <property key="oXC16gcc-mpa-lvl" value=""/>
        <property key="oXC16gcc-name-text-sec" value=""/>
        <property key="oXC16gcc-near-chars" value="false"/>
        <property key="oXC16gcc-no-isr-warn" value="false"/>
        <property key="oXC16gcc-sfr-warn" value="false"/>
        <property key="oXC16gcc-smar-io-lvl" value="1"/>
        <property key="oXC16gcc-smart-io-fmt" value=""/>
        <property key="optimization-level" value="0"/>
        <property key="post-instruction-scheduling" value="default"/>
        <property key="pre-instruction-scheduling" value="default"/>
        <property key="preprocessor-macros" value="DEBUG"/>
        <property key="scalar-model" value="default"/>
        <property key="use-cci" value="false"/>
        <property key="use-iar" value="false"/>
      </C30>
      <C30-AR>
        <property key="additional-options-chop-files" value="false"/>
      </C30-AR>
      <C30-AS>
        <property key="assembler-symbols" value=""/>
        <property key="expand-macros" value="false"/>
        <property key="extra-include-directories-for-assembler" value=""/>
        <property key="extra-include-directories-for-preprocessor" value=""/>
        <property key="false-conditionals" value="false"/>
        <property key="keep-locals" value="false"/>
        <property key="list-assembly" value="false"/>
        <property key="list-section-info" value="false"/>
        <property key="list-source" value="false"/>
        <property key="list-symbols" value="false"/>
        <property key="oXC16asm-extra-opts" value=""/>
        <property key="oXC16asm-list-to-file" value="false"/>
        <property key="omit-debug-dirs" value="false"/>
        <property key="omit-forms" value="false"/>
        <property key="preprocessor-macros" value=""/>
        <property key="relax" value="false"/>
        <property key="use-c-include-dirs" value="false"/>
        <property key="warning-level" value="emit-warnings"/>
      </C30-AS>
      <C30-LD>
        <property key="additional-options-use-response-files" value="false"/>
        <property key="boot-eeprom" value="no_eeprom"/>
        <property key="boot-flash" value="no_flash"/>
        <property key="boot-ram" value="no_ram"/>
        <property key="boot-write-protect" value="no_write_protect"/>
        <property key="enable-check-sections" value="false"/>
        <property key="enable-data-init" value="true"/>
        <property key="enable-default-isr" value="true"/>
        <property key="enable-handles" value="true"/>
        <property key="enable-pack-data" value="true"/>
        <property key="extra-lib-directories" value=""/>
        <property key="fill-flash-options-addr" value=""/>
        <property key="fill-flash-options-const" value=""/>
        <property key="fill-flash-options-how" value="0"/>
        <property key="fill-flash-options-inc-const" value="1"/>
        <property key="fill-flash-options-increment" value=""/>
        <property key="fill-flash-options-seq" value=""/>
        <property key="fill-flash-options-what" value="0"/>
        <property key="general-code-protect" value="no_code_protect"/>
        <property key="general-write-protect" value="no_write_protect"/>
        <property key="generate-cross-reference-file" value="false"/>
        <property key="heap-size" value="4000"/>
        <property key="input-libraries" value=""/>
        <property key="linker-stack" value="true"/>
        <property key="linker-symbols" value=""/>
        <property key="map-file" value="${DISTDIR}/${PROJECTNAME}.${IMAGE_TYPE}.map"/>
        <property key="oXC16ld-extra-opts" value=""/>
        <property key="oXC16ld-fill-upper" value="0"/>
        <property key="oXC16ld-force-link" value="false"/>
        <property key="oXC16ld-no-smart-io" value="false"/>
        <property key="oXC16ld-nostdlib" value="false"/>
        <property key="oXC16ld-stackguard" value="16"/>
        <property key="preprocessor-macros" value=""/>
        <property key="remove-unused-sections" value="false"/>
        <property key="report-memory-usage" value="true"/>
        <property key="secure-eeprom" value="no_eeprom"/>
        <property key="secure-flash" value="no_flash"/>
        <property key="secure-ram" value="no_ram"/>
        <property key="secure-write-protect" value="no_write_protect"/>
        <property key="stack-size" value="16"/>
        <property key="symbol-stripping" value=""/>
        <property key="trace-symbols" value=""/>
        <property key="warn-section-align" value="false"/>
      </C30-LD>
      <C30Global>
        <property key="fast-math" value="false"/>
        <property key="generic-16-bit" value="false"/>
        <property key="legacy-libc" value="false"/>
        <property key="oXC16glb-macros" value=""/>
        <property key="output-file-format" value="elf"/>
        <property key="relaxed-math" value="false"/>
        <property key="save-temps" value="false"/>
      </C30Global>
      <ICD3PlatformTool>
        <property key="AutoSelectMemRanges" value="auto"/>
        <property key="ToolFirmwareFilePath" value="Press to browse for a specific firmware version"/>
        <property key="ToolFirmwareOption.UseLatestFirmware" value="true"/>
        <property key="debugoptions.useswbreakpoints" value="false"/>
        <property key="firmware.download.all" value="false"/>
        <property key="hwtoolclock.frcindebug" value="false"/>
        <property key="memories.aux" value="false"/>
        <property key="memories.bootflash" value="false"/>
        <property key="memories.configurationmemory" value="true"/>
        <property key="memories.eeprom" value="true"/>
        <property key="memories.flashdata" value="true"/>
        <property key="memories.id" value="true"/>
        <property key="memories.programmemory" value="true"/>
        <property key="memories.programmemory.end" value="0x2abf7"/>
        <property key="memories.programmemory.start" value="0x0"/>
        <property key="poweroptions.powerenable" value="false"/>
        <property key="programoptions.donoteraseauxmem" value="false"/>
        <property key="programoptions.eraseb4program" value="true"/>
        <property key="programoptions.preserveeeprom" value="false"/>
        <property key="programoptions.preserveprogramrange" value="false"/>
        <property key="programoptions.preserveprogramrange.end" value="0x2abf7"/>
        <property key="programoptions.preserveprogramrange.start" value="0x0"/>
        <property key="programoptions.preserveuserid" value="false"/>
        <property key="programoptions.testmodeentrymethod" value="VPPFirst"/>
        <property key="programoptions.usehighvoltageonmclr" value="false"/>
        <property key="programoptions.uselvpprogramming" value="false"/>
        <property key="voltagevalue" value="3.25"/>
      </ICD3PlatformTool>
    </conf>
    <conf name="Release" type="2">
      <toolsSet>
        <developmentServer>localhost</developmentServer>
        <targetDevice>PIC24FJ256DA210</targetDevice>
        <targetHeader/>
        <targetPluginBoard/>
        <platformTool>ICD3PlatformTool</platformTool>
        <languageToolchain>XC16</languageToolchain>
        <languageToolchainVersion>1.21</languageToolchainVersion>
        <platform>3</platform>
      </toolsSet>
      <compileType>
        <linkerTool>
          <linkerLibItems>
          </linkerLibItems>
        </linkerTool>
        <loading>
          <useAlternateLoadableFile>false</useAlternateLoadableFile>
          <parseOnProdLoad>false</parseOnProdLoad>
          <alternateLoadableFile/>
        </loading>
      </compileType>
      <makeCustomizationType>
        <makeCustomizationPreStepEnabled>false</makeCustomizationPreStepEnabled>
        <makeCustomizationPreStep/>
        <makeCustomizationPostStepEnabled>false</makeCustomizationPostStepEnabled>
        <makeCustomizationPostStep/>
        <makeCustomizationPutChecksumInUserID>false</makeCustomizationPutChecksumInUserID>
        <makeCustomizationEnableLongLines>false</makeCustomizationEnableLongLines>
        <makeCustomizationNormalizeHexFile>false</makeCustomizationNormalizeHexFile>
      </makeCustomizationType>
      <C30>
        <property key="code-model" value="large-code"/>
        <property key="const-model" value="const-in-code"/>
        <property key="data-model" value="large-data"/>
        <property key="enable-all-warnings" value="true"/>
        <property key="enable-ansi-std" value="false"/>
        <property key="enable-ansi-warnings" value="false"/>
        <property key="enable-fatal-warnings" value="false"/>
        <property key="enable-large-arrays" value="false"/>
        <property key="enable-omit-frame-pointer" value="false"/>
        <property key="enable-procedural-abstraction" value="false"/>
        <property key="enable-short-double" value="false"/>
        <property key="enable-symbols" value="true"/>
        <property key="enable-unroll-loops" value="false"/>
        <property key="extra-include-directories" value="..\Hood\Board Support Package;..\Hood\Microchip\Include;..\Hood\Microchip\Include\Graphics;.;..\Hood\Microchip\Graphics\Drivers;..\Hood"/>
        <property key="isolate-each-function" value="false"/>
        <property key="keep-inline" value="false"/>
        <property key="oXC16gcc-align-arr" value="false"/>
        <property key="oXC16gcc-cnsts-mauxflash" value="false"/>
        <property key="oXC16gcc-data-sects" value="false"/>
        <property key="oXC16gcc-errata" value=""/>
        <property key="oXC16gcc-fillupper" value=""/>
        <property key="oXC16gcc-large-aggregate" value="false"/>
        <property key="oXC16gcc-mauxflash" value="false"/>
        <property key="oXC16gcc-mpa-lvl" value=""/>
        <property key="oXC16gcc-name-text-sec" value=""/>
        <property key="oXC16gcc-near-chars" value="false"/>
        <property key="oXC16gcc-no-isr-warn" value="false"/>
        <property key="oXC16gcc-sfr-warn" value="false"/>
        <property key="oXC16gcc-smar-io-lvl" value="1"/>
        <property key="oXC16gcc-smart-io-fmt" value=""/>
        <property key="optimization-level" value="0"/>
        <property key="post-instruction-scheduling" value="default"/>
        <property key="pre-instruction-scheduling" value="default"/>
        <property key="preprocessor-macros" value=""/>
        <property key="scalar-model" value="default"/>
        <property key="use-cci" value="false"/>
        <property key="use-iar" value="false"/>
      </C30>
      <C30-AR>
        <property key="additional-options-chop-files" value="false"/>
      </C30-AR>
      <C30-AS>
        <property key="assembler-symbols" value=""/>
        <property key="expand-macros" value="false"/>
        <property key="extra-include-directories-for-assembler" value=""/>
        <property key="extra-include-directories-for-preprocessor" value=""/>
        <property key="false-conditionals" value="false"/>
        <property key="keep-locals" value="false"/>
        <property key="list-assembly" value="false"/>
        <property key="list-section-info" value="false"/>
        <property key="list-source" value="false"/>
        <property key="list-symbols" value="false"/>
        <property key="oXC16asm-extra-opts" value=""/>
        <property key="oXC16asm-list-to-file" value="false"/>
        <property key="omit-debug-dirs" value="false"/>
        <property key="omit-forms" value="false"/>
        <property key="preprocessor-macros" value=""/>
        <property key="relax" value="false"/>
        <property key="use-c-include-dirs" value="false"/>
        <property key="warning-level" value="emit-warnings"/>
      </C30-AS>
      <C30-LD>
        <property key="additional-options-use-response-files" value="false"/>
        <property key="boot-eeprom" value="no_eeprom"/>
        <property key="boot-flash" value="no_flash"/>
        <property key="boot-ram" value="no_ram"/>
        <property key="boot-write-protect" value="no_write_protect"/>
        <property key="enable-check-sections" value="false"/>
        <property key="enable-data-init" value="true"/>
        <property key="enable-default-isr" value="true"/>
        <property key="enable-handles" value="true"/>
        <property key="enable-pack-data" value="true"/>
        <property key="extra-lib-directories" value=""/>
        <property key="fill-flash-options-addr" value=""/>
        <property key="fill-flash-options-const" value=""/>
        <property key="fill-flash-options-how" value="0"/>
        <property key="fill-flash-options-inc-const" value="1"/>
        <property key="fill-flash-options-increment" value=""/>
        <property key="fill-flash-options-seq" value=""/>
        <property key="fill-flash-options-what" value="0"/>
        <property key="general-code-protect" value="no_code_protect"/>
        <property key="general-write-protect" value="no_write_protect"/>
        <property key="generate-cross-reference-file" value="false"/>
        <property key="heap-size" value="4000"/>
        <property key="input-libraries" value=""/>
        <property key="linker-stack" value="true"/>
        <property key="linker-symbols" value=""/>
        <property key="map-file" value="${DISTDIR}/${PROJECTNAME}.${IMAGE_TYPE}.map"/>
        <property key="oXC16ld-extra-opts" value=""/>
        <property key="oXC16ld-fill-upper" value="0"/>
        <property key="oXC16ld-force-link" value="false"/>
        <property key="oXC16ld-no-smart-io" value="false"/>
        <property key="oXC16ld-nostdlib" value="false"/>
        <property key="oXC16ld-stackguard" value="16"/>
        <property key="preprocessor-macros" value=""/>
        <property key="remove-unused-sections" value="false"/>
        <property key="report-memory-usage" value="true"/>
        <property key="secure-eeprom" value="no_eeprom"/>
        <property key="secure-flash" value="no_flash"/>
        <property key="secure-ram" value="no_ram"/>
        <property key="secure-write-protect" value="no_write_protect"/>
        <property key="stack-size" value="16"/>
        <property key="symbol-stripping" value=""/>
        <property key="trace-symbols" value=""/>
        <property key="warn-section-align" value="false"/>
      </C30-LD>
      <C30Global>
        <property key="fast-math" value="false"/>
        <property key="generic-16-bit" value="false"/>
        <property key="legacy-libc" value="false"/>
        <property key="oXC16glb-macros" value=""/>
        <property key="output-file-format" value="elf"/>
        <property key="relaxed-math" value="false"/>
        <property key="save-temps" value="false"/>
      </C30Global>
      <ICD3PlatformTool>
        <property key="AutoSelectMemRanges" value="auto"/>
        <property key="ToolFirmwareFilePath" value="Press to browse for a specific firmware version"/>
        <property key="ToolFirmwareOption.UseLatestFirmware" value="true"/>
        <property key="debugoptions.useswbreakpoints" value="false"/>
        <property key="firmware.download.all" value="false"/>
        <property key="hwtoolclock.frcindebug" value="false"/>
        <property key="memories.aux" value="false"/>
        <property key="memories.bootflash" value="false"/>
        <property key="memories.configurationmemory" value="true"/>
        <property key="memories.eeprom" value="true"/>
        <property key="memories.flashdata" value="true"/>
        <property key="memories.id" value="true"/>
        <property key="memories.programmemory" value="true"/>
        <property key="memories.programmemory.end" value="0x2abf7"/>
        <property key="memories.programmemory.start" value="0x0"/>
        <property key="poweroptions.powerenable" value="false"/>
        <property key="programoptions.donoteraseauxmem" value="false"/>
        <property key="programoptions.eraseb4program" value="true"/>
        <property key="programoptions.preserveeeprom" value="false"/>
        <property key="programoptions.preserveprogramrange" value="false"/>
        <property key="programoptions.preserveprogramrange.end" value="0x2abf7"/>
        <property key="programoptions.preserveprogramrange.start" value="0x0"/>
        <property key="programoptions.preserveuserid" value="false"/>
        <property key="programoptions.testmodeentrymethod" value="VPPFirst"/>
        <property key="programoptions.usehighvoltageonmclr" value="false"/>
        <property key="programoptions.uselvpprogramming" value="false"/>
        <property key="voltagevalue" value="3.25"/>
      </ICD3PlatformTool>
    </conf>
  </confs>
</configurationDescriptor>