<?xml version="1.0" encoding="UTF-8"?>
<configurationDescriptor version="62">
  <projectmakefile>Makefile</projectmakefile>
  <defaultConf>6</defaultConf>
  <confs>
    <conf name="Lab_1_Linked_List" type="2">
      <platformToolSN>:=MPLABComm-USB-Microchip:=&lt;vid>04D8:=&lt;pid>9004:=&lt;rev>0100:=&lt;man>Microchip Technology, Inc. (www.microchip.com):=&lt;prod>MPLAB REAL ICE tm (www.microchip.com):=&lt;sn>JIT064090266:=&lt;drv>x:=&lt;xpt>b:=end</platformToolSN>
      <languageToolchainDir>C:\Program Files\Microchip\xc16\v1.21\bin</languageToolchainDir>
      <mdbdebugger version="1">
        <placeholder1>place holder 1</placeholder1>
        <placeholder2>place holder 2</placeholder2>
      </mdbdebugger>
      <runprofile version="6">
        <args></args>
        <rundir></rundir>
        <buildfirst>true</buildfirst>
        <console-type>0</console-type>
        <terminal-type>0</terminal-type>
        <remove-instrumentation>0</remove-instrumentation>
        <environment>
        </environment>
      </runprofile>
    </conf>
    <conf name="Lab_1_Solution" type="2">
      <platformToolSN>:=MPLABComm-USB-Microchip:=&lt;vid>04D8:=&lt;pid>9004:=&lt;rev>0100:=&lt;man>Microchip Technology, Inc. (www.microchip.com):=&lt;prod>MPLAB REAL ICE tm (www.microchip.com):=&lt;sn>JIT064090266:=&lt;drv>x:=&lt;xpt>b:=end</platformToolSN>
      <languageToolchainDir>C:\Program Files\Microchip\xc16\v1.21\bin</languageToolchainDir>
      <mdbdebugger version="1">
        <placeholder1>place holder 1</placeholder1>
        <placeholder2>place holder 2</placeholder2>
      </mdbdebugger>
      <runprofile version="6">
        <args></args>
        <rundir></rundir>
        <buildfirst>true</buildfirst>
        <console-type>0</console-type>
        <terminal-type>0</terminal-type>
        <remove-instrumentation>0</remove-instrumentation>
        <environment>
        </environment>
      </runprofile>
    </conf>
    <conf name="Lab_2_Stacks" type="2">
      <platformToolSN></platformToolSN>
      <languageToolchainDir>C:\Program Files\Microchip\xc16\v1.10\bin</languageToolchainDir>
      <mdbdebugger version="1">
        <placeholder1>place holder 1</placeholder1>
        <placeholder2>place holder 2</placeholder2>
      </mdbdebugger>
      <runprofile version="6">
        <args></args>
        <rundir></rundir>
        <buildfirst>true</buildfirst>
        <console-type>0</console-type>
        <terminal-type>0</terminal-type>
        <remove-instrumentation>0</remove-instrumentation>
        <environment>
        </environment>
      </runprofile>
    </conf>
    <conf name="Lab_2_Solution" type="2">
      <platformToolSN></platformToolSN>
      <languageToolchainDir>C:\Program Files\Microchip\xc16\v1.10\bin</languageToolchainDir>
      <mdbdebugger version="1">
        <placeholder1>place holder 1</placeholder1>
        <placeholder2>place holder 2</placeholder2>
      </mdbdebugger>
      <runprofile version="6">
        <args></args>
        <rundir></rundir>
        <buildfirst>true</buildfirst>
        <console-type>0</console-type>
        <terminal-type>0</terminal-type>
        <remove-instrumentation>0</remove-instrumentation>
        <environment>
        </environment>
      </runprofile>
    </conf>
    <conf name="Lab_3_Queues" type="2">
      <platformToolSN>:=MPLABComm-USB-Microchip:=&lt;vid>04D8:=&lt;pid>9004:=&lt;rev>0100:=&lt;man>Microchip Technology, Inc. (www.microchip.com):=&lt;prod>MPLAB REAL ICE tm (www.microchip.com):=&lt;sn>JIT064090266:=&lt;drv>x:=&lt;xpt>b:=end</platformToolSN>
      <languageToolchainDir>C:\Program Files\Microchip\xc16\v1.10\bin</languageToolchainDir>
      <mdbdebugger version="1">
        <placeholder1>place holder 1</placeholder1>
        <placeholder2>place holder 2</placeholder2>
      </mdbdebugger>
      <runprofile version="6">
        <args></args>
        <rundir></rundir>
        <buildfirst>true</buildfirst>
        <console-type>0</console-type>
        <terminal-type>0</terminal-type>
        <remove-instrumentation>0</remove-instrumentation>
        <environment>
        </environment>
      </runprofile>
    </conf>
    <conf name="Lab_3_Solution" type="2">
      <platformToolSN>:=MPLABComm-USB-Microchip:=&lt;vid>04D8:=&lt;pid>9004:=&lt;rev>0100:=&lt;man>Microchip Technology, Inc. (www.microchip.com):=&lt;prod>MPLAB REAL ICE tm (www.microchip.com):=&lt;sn>JIT064090266:=&lt;drv>x:=&lt;xpt>b:=end</platformToolSN>
      <languageToolchainDir>C:\Program Files\Microchip\xc16\v1.10\bin</languageToolchainDir>
      <mdbdebugger version="1">
        <placeholder1>place holder 1</placeholder1>
        <placeholder2>place holder 2</placeholder2>
      </mdbdebugger>
      <runprofile version="6">
        <args></args>
        <rundir></rundir>
        <buildfirst>true</buildfirst>
        <console-type>0</console-type>
        <terminal-type>0</terminal-type>
        <remove-instrumentation>0</remove-instrumentation>
        <environment>
        </environment>
      </runprofile>
    </conf>
    <conf name="Lab_4_BST" type="2">
      <platformToolSN>:=MPLABComm-USB-Microchip:=&lt;vid>04D8:=&lt;pid>9004:=&lt;rev>0100:=&lt;man>Microchip Technology, Inc. (www.microchip.com):=&lt;prod>MPLAB REAL ICE tm (www.microchip.com):=&lt;sn>JIT064090266:=&lt;drv>x:=&lt;xpt>b:=end</platformToolSN>
      <languageToolchainDir>C:\Program Files\Microchip\xc16\v1.21\bin</languageToolchainDir>
      <mdbdebugger version="1">
        <placeholder1>place holder 1</placeholder1>
        <placeholder2>place holder 2</placeholder2>
      </mdbdebugger>
      <runprofile version="6">
        <args></args>
        <rundir></rundir>
        <buildfirst>true</buildfirst>
        <console-type>0</console-type>
        <terminal-type>0</terminal-type>
        <remove-instrumentation>0</remove-instrumentation>
        <environment>
        </environment>
      </runprofile>
    </conf>
    <conf name="Lab_4_Solution" type="2">
      <platformToolSN></platformToolSN>
      <languageToolchainDir>C:\Program Files\Microchip\xc16\v1.10\bin</languageToolchainDir>
      <mdbdebugger version="1">
        <placeholder1>place holder 1</placeholder1>
        <placeholder2>place holder 2</placeholder2>
      </mdbdebugger>
      <runprofile version="6">
        <args></args>
        <rundir></rundir>
        <buildfirst>true</buildfirst>
        <console-type>0</console-type>
        <terminal-type>0</terminal-type>
        <remove-instrumentation>0</remove-instrumentation>
        <environment>
        </environment>
      </runprofile>
    </conf>
    <conf name="Lab_5_Sorting" type="2">
      <platformToolSN></platformToolSN>
      <languageToolchainDir>C:\Program Files\Microchip\xc16\v1.10\bin</languageToolchainDir>
      <mdbdebugger version="1">
        <placeholder1>place holder 1</placeholder1>
        <placeholder2>place holder 2</placeholder2>
      </mdbdebugger>
      <runprofile version="6">
        <args></args>
        <rundir></rundir>
        <buildfirst>true</buildfirst>
        <console-type>0</console-type>
        <terminal-type>0</terminal-type>
        <remove-instrumentation>0</remove-instrumentation>
        <environment>
        </environment>
      </runprofile>
    </conf>
    <conf name="Lab_5_Solution" type="2">
      <platformToolSN></platformToolSN>
      <languageToolchainDir>C:\Program Files\Microchip\xc16\v1.10\bin</languageToolchainDir>
      <mdbdebugger version="1">
        <placeholder1>place holder 1</placeholder1>
        <placeholder2>place holder 2</placeholder2>
      </mdbdebugger>
      <runprofile version="6">
        <args></args>
        <rundir></rundir>
        <buildfirst>true</buildfirst>
        <console-type>0</console-type>
        <terminal-type>0</terminal-type>
        <remove-instrumentation>0</remove-instrumentation>
        <environment>
        </environment>
      </runprofile>
    </conf>
  </confs>
</configurationDescriptor>
